insert into company(company_id, com_name) values (1, 'EMBRAER');
insert into company(company_id, com_name) values (2, 'TIVIT');
insert into company(company_id, com_name) values (3, 'MICROSOFT');
insert into company(company_id, com_name) values (4, 'IBM');
insert into company(company_id, com_name) values (5, 'UOL');
insert into company(company_id, com_name) values (6, 'GM');
insert into company(company_id, com_name) values (7, 'ITAU');



insert into post(post_id, post_name) values (1, 'PYTHON ENGENEER');
insert into post(post_id, post_name) values (2, 'SUPPORT ANALIST IT');
insert into post(post_id, post_name) values (3, 'INFRASTRUCTURE ANALIST');
insert into post(post_id, post_name) values (4, 'DEVOPS');
insert into post(post_id, post_name) values (5, 'SCRUM MASTER');
insert into post(post_id, post_name) values (6, 'DATA BASE ADMNISTRATOR');
insert into post(post_id, post_name) values (7, 'DATA SCIENTIST');


insert into candidate_exp(fk_can_id, fk_company_id, fk_post_id, dt_start, dt_end, description) values (1, 3, 2, '2021-02-22', '2021-04-02', 'SUPORTE EM T.I. AOS USUÁRIOS DA EMPRESA');
insert into candidate_exp(fk_can_id, fk_company_id, fk_post_id, dt_start, dt_end, description) values (1, 7, 5, '2018-05-19', '2021-01-10', 'LIDERANÇA DE EQUIPE DE DESENVOLVIMENTO');
insert into candidate_exp(fk_can_id, fk_company_id, fk_post_id, dt_start, dt_end, description) values (2, 2, 1, '2021-02-22', '2021-04-02', 'DESENVOLVIMENTO DE SISTEMAS MULTIPLATAFORMA');
insert into candidate_exp(fk_can_id, fk_company_id, fk_post_id, dt_start, dt_end, description) values (1, 3, 6, '2021-02-22', '2021-04-02', 'ADMINISTRAÇÃO DE BASE DE DADOS DA EMPRESA');
insert into candidate_exp(fk_can_id, fk_company_id, fk_post_id, dt_start, dt_end, description) values (1, 5, 2, '2021-02-22', '2021-04-02', 'SUPORTE EM T.I. AOS USUÁRIOS E CLIENTES');
insert into candidate_exp(fk_can_id, fk_company_id, fk_post_id, dt_start, dt_end, description) values (1, 1, 5, '2021-02-22', '2021-04-02', 'LIDERANÇA E PLANEJAMENTO DE EQUIPE');
insert into candidate_exp(fk_can_id, fk_company_id, fk_post_id, dt_start, dt_end, description) values (1, 4, 4, '2021-02-22', '2021-04-02', 'DEPLOY DE APLICAÇÕES MULTIPLATAFORMA EM CLOUD COMPUTING');
insert into candidate_exp(fk_can_id, fk_company_id, fk_post_id, dt_start, dt_end, description) values (1, 2, 3, '2021-02-22', '2021-04-02', 'ADMINISTRAÇÃO DE SERVIDORES WINDOWS E LINUX');
insert into candidate_exp(fk_can_id, fk_company_id, fk_post_id, dt_start, dt_end, description) values (1, 6, 7, '2021-02-22', '2021-04-02', 'ANALISAR INSIGTHS BASE DE DADOS DA EMPRESA');
insert into candidate_exp(fk_can_id, fk_company_id, fk_post_id, dt_start, dt_end, description) values (1, 3, 1, '2021-02-22', '2021-04-02', 'DESENVOLVIMENTO DE SISTEMAS MULTIPLATAFORMA');
insert into candidate_exp(fk_can_id, fk_company_id, fk_post_id, dt_start, dt_end, description) values (1, 7, 4, '2021-02-22', '2021-04-02', 'DEPLOY DE APLICAÇÕES MULTIPLATAFORMA EM CLOUD COMPUTING');
insert into candidate_exp(fk_can_id, fk_company_id, fk_post_id, dt_start, dt_end, description) values (1, 1, 2, '2021-02-22', '2021-04-02', 'SUPORTE EM T.I. AOS USUÁRIOS DA EMPRESA');
